<?xml version="1.0" encoding="UTF-8"?>
<preferences>
 <debug showDebugMenu="0" />
 <systemtable filter="Default">
  <columns>
   <connections preferredWidth="127" />
   <irq preferredWidth="34" />
  </columns>
 </systemtable>
 <clocktable>
  <columns>
   <clockname preferredWidth="363" />
   <clocksource preferredWidth="363" />
   <frequency preferredWidth="344" />
  </columns>
 </clocktable>
 <library expandedCategories="Library,Project" />
 <window width="1382" height="744" x="-8" y="-8" />
 <generation simulation="NONE" synthesis="VHDL" />
</preferences>
