<?xml version="1.0" ?>
<LOG_ROOT>
	<PROJECT NAME="trabalho_primos">
		<CBX_INST_ENTRY INSTANCE_NAME="|trabalho_primos|trabalho_primos_qsys:x1|trabalho_primos_qsys_jtag_uart_0:jtag_uart_0|trabalho_primos_qsys_jtag_uart_0_scfifo_r:the_trabalho_primos_qsys_jtag_uart_0_scfifo_r|scfifo:rfifo" CBX_FILE_NAME="scfifo_1n21.tdf"/>
		<CBX_INST_ENTRY INSTANCE_NAME="|trabalho_primos|trabalho_primos_qsys:x1|trabalho_primos_qsys_onchip_memory2_0:onchip_memory2_0|altsyncram:the_altsyncram" CBX_FILE_NAME="altsyncram_7de1.tdf"/>
		<CBX_INST_ENTRY INSTANCE_NAME="|trabalho_primos|trabalho_primos_qsys:x1|trabalho_primos_qsys_jtag_uart_0:jtag_uart_0|trabalho_primos_qsys_jtag_uart_0_scfifo_w:the_trabalho_primos_qsys_jtag_uart_0_scfifo_w|scfifo:wfifo" CBX_FILE_NAME="scfifo_1n21.tdf"/>
		<CBX_INST_ENTRY INSTANCE_NAME="|trabalho_primos|trabalho_primos_qsys:x1|trabalho_primos_qsys_nios2_qsys_0:nios2_qsys_0|trabalho_primos_qsys_nios2_qsys_0_nios2_oci:the_trabalho_primos_qsys_nios2_qsys_0_nios2_oci|trabalho_primos_qsys_nios2_qsys_0_nios2_ocimem:the_trabalho_primos_qsys_nios2_qsys_0_nios2_ocimem|trabalho_primos_qsys_nios2_qsys_0_ociram_sp_ram_module:trabalho_primos_qsys_nios2_qsys_0_ociram_sp_ram|altsyncram:the_altsyncram" CBX_FILE_NAME="altsyncram_9l91.tdf"/>
		<CBX_INST_ENTRY INSTANCE_NAME="|trabalho_primos|trabalho_primos_qsys:x1|trabalho_primos_qsys_nios2_qsys_0:nios2_qsys_0|trabalho_primos_qsys_nios2_qsys_0_register_bank_a_module:trabalho_primos_qsys_nios2_qsys_0_register_bank_a|altsyncram:the_altsyncram" CBX_FILE_NAME="altsyncram_58i1.tdf"/>
		<CBX_INST_ENTRY INSTANCE_NAME="|trabalho_primos|trabalho_primos_qsys:x1|trabalho_primos_qsys_nios2_qsys_0:nios2_qsys_0|trabalho_primos_qsys_nios2_qsys_0_register_bank_b_module:trabalho_primos_qsys_nios2_qsys_0_register_bank_b|altsyncram:the_altsyncram" CBX_FILE_NAME="altsyncram_68i1.tdf"/>
	</PROJECT>
</LOG_ROOT>
